PubMed ID,Bmap ID,Exp ID,CODE,,,,,
11960021,30101,1,anticipation,MID,,,,
10934265,30219,1,positive outcomes,value,choice,cards,,
10934265,30219,2,negative outcomes,value,choice,cards,,
10934265,30219,3,positive outcomes,choice,cards,,,
10934265,30219,4,negative outcomes,choice,cards,,,
10934265,30219,5,positive outcomes,negative outcomes,choice,cards,,
17291784,7060161,1,anticipation,positive outcomes,MID,,,
17291784,7060161,4,anticipation,negative outcomes,MID,,,
16487726,7070164,1,anticipation,probability,MID,,,
16487726,7070164,2,reward omission,MID,,,,
15588617,7070173,1,reward learning,risk,cards,,,
16504951,7070180,1,reward learning,gambling choice,,,,
16880132,7070187,1,positive outcomes,choice,cards,,,
16880132,7070187,2,anticipation,positive outcomes,choice,cards,,
16880132,7070187,3,anticipation,positive outcomes,choice,cards,delay,
16880132,7070187,4,positive outcomes,choice,cards,,,
16880132,7070187,6,positive outcomes,delay,choice,cards,,
12814578,7070191,1,prediction uncertainty,probability,gambling choice,,,
12814578,7070191,2,prediction uncertainty,probability,gambling choice,,,
16971537,7070194,1,value,gambling choice,cards,,,
16971537,7070194,2,probability,gambling choice,cards,,,
16971537,7070194,3,value,gambling choice,cards,,,
16971537,7070194,4,value,gambling choice,cards,,,
16971537,7070194,5,positive outcomes,gambling choice,cards,,,
16971537,7070194,6,reward omission,gambling choice,cards,,,
16971537,7070194,7,reward omission,gambling choice,cards,,,
16971537,7070194,8,prediction uncertainty,reward omission,probability,gambling choice,cards,
16971537,7070194,9,negative outcomes,gambling choice,cards,,,
16971537,7070194,10,negative outcomes,gambling choice,cards,,,
16971537,7070194,11,prediction uncertainty,negative outcomes,probability,gambling choice,cards,
15888656,7080199,1,valence,MID,,,,
15888656,7080199,3,value,MID,,,,
15888656,7080199,5,probability,MID,,,,
15888656,7080199,7,value,valence,MID,,,
15888656,7080199,8,value,probability,valence,MID,,
17122317,7080207,1,value,classical conditioning,,,,
17122317,7080207,2,probability,classical conditioning,,,,
17122317,7080207,3,value,classical conditioning,,,,
17088503,7080224,2,positive outcomes,reversal learning task,,,,
17088503,7080224,5,negative outcomes,reversal learning task,,,,
17088503,7080224,7,prediction uncertainty,reward learning,reversal learning task,,,
15006651,7080230,1,prediction uncertainty,gambling choice,,,,
15006651,7080230,2,prediction uncertainty,gambling choice,,,,
15006651,7080230,3,prediction uncertainty,gambling choice,,,,
12764119,7080237,1,negative outcomes,rewarded performance,,,,
12764119,7080237,2,positive outcomes,rewarded performance,,,,
12764119,7080237,3,negative outcomes,rewarded performance,,,,
12764119,7080237,4,positive outcomes,rewarded performance,,,,
12764119,7080237,5,positive outcomes,rewarded performance,,,,
11459880,7090246,1,anticipation,MID,,,,
11459880,7090246,2,anticipation,positive outcomes,MID,,,
11459880,7090246,3,anticipation,value,positive outcomes,MID,,
11459880,7090246,4,negative outcomes,anticipation,MID,,,
11459880,7090246,5,negative outcomes,anticipation,value,MID,,
15006665,7110320,1,MID,,,,,
15006665,7110320,2,positive outcomes,MID,,,,
15006665,7110320,3,positive outcomes,MID,,,,
14568478,7110326,1,positive outcomes,MID,,,,
14568478,7110326,2,MID,,,,,
14568478,7110326,3,verbal reward,MID,,,,
14568478,7110326,4,verbal reward,MID,,,,
12571121,7110331,1,value,MID,response accuracy,,,
12571121,7110331,2,MID,response accuracy,,,,
12571121,7110331,3,anticipation,MID,response accuracy,,,
12571121,7110331,4,positive outcomes,MID,response accuracy,,,
16950228,7110333,2,positive outcomes,MID,,,,
15134646,7110337,1,positive outcomes,rewarded performance,,,,
15134646,7110337,2,rewarded performance,,,,,
15134646,7110337,3,positive outcomes,rewarded performance,,,,
17265148,7110340,1,prediction uncertainty,MID,,,,
17265148,7110340,2,prediction uncertainty,MID,,,,
17265148,7110340,3,positive outcomes,MID,,,,
14985419,7120357,1,anticipation,MID,,,,
14985419,7120357,3,anticipation,negative outcomes,MID,,,
14985419,7120357,5,positive outcomes,MID,,,,
14985419,7120357,7,negative outcomes,MID,,,,
17850241,7120359,1,anticipation,MID,,,,
17850241,7120359,2,anticipation,MID,,,,
17850241,7120359,3,anticipation,negative outcomes escape,MID,,,
17850241,7120359,4,positive outcomes,MID,,,,
17850241,7120359,5,positive outcomes,MID,,,,
17850241,7120359,6,negative outcomes escape,MID,,,,
17850241,7120359,7,negative outcomes escape,MID,,,,
16139525,7120363,1,anticipation,positive outcomes,MID,,,
16139525,7120363,3,anticipation,negative outcomes escape,MID,,,
17460071,7120367,1,prediction uncertainty,risk,choice,cards,,
17460071,7120367,2,choice,cards,,,,
17460071,7120367,3,positive outcomes,choice,cards,,,
17460071,7120367,4,negative outcomes,choice,cards,,,
17460071,7120367,5,positive outcomes,choice,cards,,,
17460071,7120367,6,negative outcomes,choice,cards,,,
17904386,7120373,1,valence,MID,,,,
17904386,7120373,2,value,MID,,,,
17904386,7120373,3,value,valence,MID,,,
10875899,7120374,1,positive outcomes,MID,,,,
10875899,7120374,2,negative outcomes,MID,,,,
12595181,7120375,1,anticipation,MID,,,,
12595181,7120375,2,anticipation,negative outcomes,MID,,,
12595181,7120375,3,positive outcomes,MID,,,,
11726774,7120376,1,anticipation,MID,,,,
11726774,7120376,2,anticipation,MID,,,,
11726774,7120376,3,value,MID,,,,
11726774,7120376,4,positive outcomes,MID,,,,
15260961,7120377,1,anticipation,positive outcomes,MID,,,
15260961,7120377,6,positive outcomes,MID,,,,
15260961,7120377,8,negative outcomes escape,MID,,,,
17996464,7120379,1,anticipation,positive outcomes,MID,,,
17996464,7120379,3,positive outcomes,MID,,,,
17521924,7120380,1,MID,,,,,
17521924,7120380,2,negative outcomes,MID,,,,
17521924,7120380,3,positive outcomes,MID,,,,
17521924,7120380,4,positive outcomes,MID,,,,
17521924,7120380,5,reward omission,MID,,,,
17521924,7120380,6,negative outcomes,MID,,,,
17521924,7120380,7,negative outcomes escape,MID,,,,
16675403,7120381,1,MID,,,,,
16675403,7120381,2,MID,,,,,
16675403,7120381,3,value,MID,,,,
16675403,7120381,4,anticipation,reward learning,classical conditioning,,,
16675403,7120381,5,anticipation,reward learning,classical conditioning,,,
16675403,7120381,6,anticipation,reward learning,classical conditioning,,,
16675403,7120381,7,reward learning,classical conditioning,,,,
16675403,7120381,8,reward learning,classical conditioning,,,,
16675403,7120381,9,reward learning,classical conditioning,,,,
16675403,7120381,10,reward learning,classical conditioning,,,,
16675403,7120381,11,reward learning,classical conditioning,,,,
16675403,7120381,12,reward learning,classical conditioning,,,,
12948722,7120382,1,positive outcomes,value,choice,cards,,
12948722,7120382,2,negative outcomes,value,choice,cards,,
12948722,7120382,3,positive outcomes,valence,choice,cards,,
12948722,7120382,4,positive outcomes,valence,choice,cards,,
12948722,7120382,5,positive outcomes,choice,cards,,,
12948722,7120382,6,negative outcomes,choice,cards,,,
12948722,7120382,7,positive outcomes,choice,cards,,,
12948722,7120382,8,negative outcomes,choice,cards,,,
17765572,7120387,1,negative outcomes,social,social,,,
17765572,7120387,2,negative outcomes,social,social,,,
17765572,7120387,3,negative outcomes escape,social,social,,,
17765572,7120387,4,negative outcomes escape,social,social,,,
17765572,7120387,5,negative outcomes escape,social,,,,
17765572,7120387,6,negative outcomes,social,,,,
17765572,7120387,7,negative outcomes escape,social,social,,,
15907305,8010002,1,prediction uncertainty,reward learning,cards,,,
17717184,8030079,1,negative outcomes escape,predator and prey paradigm,moving through virtual maze,,,
17717184,8030079,2,predator and prey paradigm,moving through virtual maze,,,,
17717184,8030079,3,negative outcomes escape,predator and prey paradigm,moving through virtual maze,,,
17717184,8030079,4,predator and prey paradigm,moving through virtual maze,,,,
17717184,8030079,5,predator and prey paradigm,moving through virtual maze,,,,
17717184,8030079,6,predator and prey paradigm,moving through virtual maze,,,,
17717184,8030079,7,predator and prey paradigm,moving through virtual maze,,,,
17717184,8030079,8,predator and prey paradigm,moving through virtual maze,,,,
17717184,8030079,9,predator and prey paradigm,moving through virtual maze,,,,
17717184,8030079,10,predator and prey paradigm,moving through virtual maze,,,,
17717184,8030079,11,predator and prey paradigm,moving through virtual maze,,,,
17717184,8030079,12,predator and prey paradigm,moving through virtual maze,,,,
17717184,8030079,13,predator and prey paradigm,moving through virtual maze,,,,
17717184,8030079,14,negative outcomes escape,predator and prey paradigm,moving through virtual maze,,,
17717184,8030079,15,negative outcomes,predator and prey paradigm,moving through virtual maze,,,
17717184,8030079,16,negative outcomes escape,predator and prey paradigm,moving through virtual maze,,,
17717184,8030079,17,negative outcomes,predator and prey paradigm,moving through virtual maze,,,
15758183,8040106,1,positive outcomes,classical conditioning,,,,
17140674,8040107,1,anticipation,MID,,,,
17140674,8040107,2,anticipation,MID,,,,
17140674,8040107,3,anticipation,MID,,,,
17140674,8040107,4,anticipation,probability,MID,,,
17140674,8040107,5,anticipation,MID,,,,
17140674,8040107,6,anticipation,probability,MID,,,
17140674,8040107,7,positive outcomes,MID,,,,
17140674,8040107,8,positive outcomes,MID,,,,
17140674,8040107,9,positive outcomes,probability,MID,,,
17468751,8040108,1,positive outcomes,MID,,,,
17468751,8040108,2,negative outcomes,MID,,,,
17468751,8040108,3,positive outcomes,MID,,,,
17468751,8040108,4,negative outcomes escape,MID,,,,
17468751,8040108,5,positive outcomes,MID,,,,
17468751,8040108,6,negative outcomes,MID,,,,
17468751,8040108,7,positive outcomes,MID,,,,
17468751,8040108,8,negative outcomes escape,MID,,,,
10706432,8040109,1,performance feedback,rewarded performance,,,,
10706432,8040109,2,rewarded performance,,,,,
15327927,8040110,1,value,risk,probability,gambling choice,wheel of fortune task,
15327927,8040110,2,probability,anticipation,prediction uncertainty,gambling choice,wheel of fortune task,
15327927,8040110,3,probability,risk,gambling choice,wheel of fortune task,,
17079666,8050114,1,prediction uncertainty,choice,,,,
17079666,8050114,2,prediction uncertainty,choice,,,,
17079666,8050114,3,prediction uncertainty,choice,,,,
17079666,8050114,4,prediction uncertainty,negative outcomes escape,choice,,,
17079666,8050114,5,prediction uncertainty,negative outcomes escape,choice,,,
17079666,8050114,6,value,choice,,,,
17079666,8050114,7,choice,,,,,
17079666,8050114,8,negative outcomes escape,choice,,,,
17079666,8050114,9,value,choice,,,,
17188518,8050119,1,negative outcomes,reversal learning task,,,,
17188518,8050119,2,positive outcomes,reversal learning task,,,,
12514228,8050124,1,MID,,,,,
12514228,8050124,2,MID,,,,,
12514228,8050124,3,value,MID,,,,
9347486,8050125,1,rewarded performance,tower of london task,,,,
9347486,8050125,3,performance feedback,rewarded performance,tower of london task,,,
9347486,8050125,4,performance feedback,rewarded performance,tower of london task,,,
9347486,8050125,6,performance feedback,rewarded performance,tower of london task,,,
9626713,8050126,1,performance feedback,rewarded performance,tower of london task,,,
9626713,8050126,2,performance feedback,rewarded performance,tower of london task,,,
9626713,8050126,3,performance feedback,rewarded performance,tower of london task,,,
15850746,8050127,1,positive outcomes,gambling choice,wheel of fortune task,,,
15850746,8050127,4,positive outcomes,value,gambling choice,wheel of fortune task,,
15850746,8050127,6,negative outcomes,value,gambling choice,wheel of fortune task,,
15850746,8050127,9,positive outcomes,value,gambling choice,wheel of fortune task,,
15850746,8050127,10,positive outcomes,value,gambling choice,wheel of fortune task,,
15850746,8050127,11,positive outcomes,value,gambling choice,wheel of fortune task,,
15850746,8050127,12,positive outcomes,value,gambling choice,wheel of fortune task,,
15850746,8050127,13,negative outcomes,value,gambling choice,wheel of fortune task,,
15850746,8050127,14,negative outcomes,value,gambling choice,wheel of fortune task,,
15850746,8050127,15,negative outcomes,value,gambling choice,wheel of fortune task,,
17286837,8050129,1,positive outcomes,choice,,,,
17286837,8050129,2,choice,,,,,
11395019,8060139,1,probability,gambling choice,wheel of fortune task,,,
11395019,8060139,2,probability,gambling choice,wheel of fortune task,,,
17202543,8060143,4,positive outcomes,MID,go/no-go,,,
14973239,8060144,1,reward learning,reversal learning task,,,,
14973239,8060144,2,reward learning,reversal learning task,,,,
14973239,8060144,3,positive outcomes,reversal learning task,,,,
14973239,8060144,4,positive outcomes,reversal learning task,,,,
17292631,8060147,1,prediction uncertainty,classical conditioning,,,,
17292631,8060147,2,value,classical conditioning,,,,
11703464,8060148,1,positive outcomes,MID,pattern recognition,,,
11703464,8060148,2,positive outcomes,value,MID,pattern recognition,,
11703464,8060148,3,reward omission,MID,pattern recognition,,,
12911764,8060149,4,MID,pattern recognition,,,,
11545466,8060150,1,positive outcomes,MID,pattern recognition,,,
11545466,8060150,2,positive outcomes,value,MID,pattern recognition,,
11545466,8060150,3,reward omission,MID,pattern recognition,,,
15978024,8060152,1,positive outcomes,performance feedback,rewarded performance,,,
15945130,8060153,1,positive outcomes,MID,cards,,,
15945130,8060153,2,positive outcomes,MID,cards,,,
15945130,8060153,3,reward omission,MID,cards,,,
15945130,8060153,4,anticipation,MID,cards,,,
15945130,8060153,5,anticipation,negative outcomes,MID,cards,,
15528079,8060156,1,positive outcomes,classical conditioning,,,,
15528079,8060156,2,prediction uncertainty,positive outcomes,classical conditioning,,,
17698371,8060158,1,prediction uncertainty,positive outcomes,gambling choice,risk vs. amount,,
17698371,8060158,2,performance feedback,positive outcomes,gambling choice,risk vs. amount,,
17698371,8060158,3,performance feedback,gambling choice,risk vs. amount,,,
17698371,8060158,4,prediction uncertainty,positive outcomes,gambling choice,risk vs. amount,,
17698371,8060158,5,reward learning,performance feedback,gambling choice,risk vs. amount,,
9175118,8060161,1,value,rewarded performance,go/no-go,,,
16802856,8080186,1,positive outcomes,MID,,,,
16802856,8080186,2,negative outcomes escape,MID,,,,
16802856,8080186,3,positive outcomes,MID,,,,
16802856,8080186,4,anticipation,positive outcomes,MID,,,
16802856,8080186,6,reward omission,MID,,,,
16802856,8080186,7,negative outcomes,MID,,,,
16802856,8080186,8,reward omission,MID,,,,
16426719,8080187,1,rewarded performance,pattern recognition,,,,
16426719,8080187,2,performance feedback,rewarded performance,pattern recognition,,,
16426719,8080187,3,rewarded performance,pattern recognition,,,,
16426719,8080187,4,performance feedback,rewarded performance,pattern recognition,,,
16426719,8080187,5,prediction uncertainty,rewarded performance,pattern recognition,,,
16426719,8080187,6,performance feedback,rewarded performance,pattern recognition,,,
16426719,8080187,7,anticipation,rewarded performance,pattern recognition,,,
15538191,9020049,1,positive outcomes,social,reward price,altruistic donation,,
19071223,9090090,1,value,delay discounting,delay,,,
19071223,9090090,2,delay,anticipation,delay discounting,,,
19071223,9090090,3,delay,value,delay discounting,,,
19587291,9090093,1,value,delay discounting,delay,,,
19587291,9090093,2,positive outcomes,delay discounting,delay,,,
19587291,9090093,3,positive outcomes,delay discounting,delay,,,
19587291,9090093,4,negative outcomes,delay discounting,delay,,,
19587291,9090093,5,positive outcomes,value,delay discounting,delay,,
19587291,9090093,6,positive outcomes,delay discounting,delay,,,
19587291,9090093,7,reward omission,value,delay discounting,delay,,
19587291,9090093,8,negative outcomes,delay discounting,,delay,,
19587291,9090093,9,negative outcomes,delay discounting,,delay,,
15142963,9090095,1,prediction uncertainty,risk,reward learning,,cards,
15142963,9090095,2,prediction uncertainty,risk,reward learning,,cards,
19242558,9090103,1,positive outcomes,unexpected outcomes,choice,,,
19242558,9090103,2,negative outcomes,unexpected outcomes,choice,,,
19242558,9090103,3,positive outcomes,choice,,,,
19242558,9090103,4,negative outcomes,choice,,,,
19242558,9090103,5,positive outcomes,choice,,,,
19242558,9090103,6,positive outcomes,unexpected outcomes,choice,,,
18042401,9090105,1,negative outcomes,choice,aversive avoidance,,,
18042401,9090105,2,negative outcomes escape,choice,aversive avoidance,,,
18042401,9090105,3,negative outcomes,negative outcomes escape,choice,aversive avoidance,,
18042401,9090105,4,negative outcomes,probability,choice,aversive avoidance,,
19217383,9090108,1,positive outcomes,choice,slot machine,,,
19217383,9090108,2,reward omission,choice,slot machine,,,
19217383,9090108,3,choice,slot machine,,,,
19308261,9090110,1,prediction uncertainty,probability,gambling choice,stock market,,
19308261,9090110,2,prediction uncertainty,probability,gambling choice,stock market,,
19308261,9090110,3,prediction uncertainty,probability,gambling choice,stock market,,
19308261,9090110,4,prediction uncertainty,probability,gambling choice,stock market,,
19308261,9090110,5,value,gambling choice,stock market,,,
19308261,9090110,6,value,gambling choice,stock market,,,
19308261,9090110,7,value,gambling choice,stock market,,,
17656073,9090112,5,risk,,,,,
17916330,9090126,5,anticipation,positive outcomes,MID,,,
17916330,9090126,6,anticipation,negative outcomes,MID,,,
17916330,9090126,7,positive outcomes,MID,,,,
17916330,9090126,8,negative outcomes escape,MID,,,,
19032746,9090127,1,food,anticipation,negative outcomes,gambling choice,wheel of fortune task,
19032746,9090127,2,food,anticipation,negative outcomes,gambling choice,wheel of fortune task,
19032746,9090127,3,food,negative outcomes,gambling choice,wheel of fortune task,,
19032746,9090127,4,food,negative outcomes,gambling choice,wheel of fortune task,,
19032746,9090127,5,food,anticipation,positive outcomes,gambling choice,wheel of fortune task,
19032746,9090127,6,food,positive outcomes,gambling choice,wheel of fortune task,,
19032746,9090127,7,food,positive outcomes,value,gambling choice,wheel of fortune task,
19032746,9090127,8,food,positive outcomes,value,gambling choice,wheel of fortune task,
19032746,9090127,9,food,positive outcomes,value,gambling choice,wheel of fortune task,
19174537,9090155,1,value,MID,,,,
19174537,9090155,2,value,social,,,,
17216152,9090158,1,anticipation,positive outcomes,,delay,delay discounting,
17216152,9090158,2,delay,value,,delay discounting,,
19560123,9090164,1,positive outcomes,MID,,,,
19560123,9090164,3,negative outcomes,MID,,,,
19560123,9090164,5,negative outcomes escape,MID,,,,
19560123,9090164,12,positive outcomes,MID,,,,
15486304,9090167,1,delay,delay discounting,,,,
15486304,9090167,2,delay,delay discounting,,,,
18947356,9090168,7,delay,delay discounting,,,,
18947356,9090168,8,delay,delay discounting,,,,
19185567,9090169,1,negative outcomes,delay,delay discounting,,,
19185567,9090169,2,positive outcomes,delay,delay discounting,,,
19185567,9090169,3,positive outcomes,negative outcomes escape,delay,delay discounting,,
19185567,9090169,4,negative outcomes,delay,delay discounting,,,
19185567,9090169,5,negative outcomes,delay,delay discounting,,,
16778890,10020011,1,positive outcomes,value,gambling choice,slot machine,,
16778890,10020011,2,probability,gambling choice,slot machine,,,
16778890,10020011,3,prediction uncertainty,gambling choice,slot machine,,,
16778890,10020011,4,reward omission,gambling choice,slot machine,,,
18309087,10020012,1,positive outcomes,reward omission,food,classical conditioning,,
11110834,10020013,1,rewarded performance,amount estimation,,,,
11110834,10020013,2,rewarded performance,amount estimation,,,,
11110834,10020013,3,rewarded performance,amount estimation,,,,
18851716,10030016,1,MID,,,,,
18851716,10030016,3,MID,,,,,
18851716,10030016,5,negative outcomes,MID,,,,
18509047,10030019,1,reward learning,reversal learning task,,,,
16682235,10030026,1,social,social,risk vs. amount,,,
17196537,10030041,1,delay discounting,reward price,purchasing,,,
17196537,10030041,2,delay discounting,reward price,purchasing,,,
17196537,10030041,3,delay discounting,reward price,purchasing,,,
12805551,10030060,1,social,delay discounting,social,,,
19521264,10030066,1,risk,social,social,,,
12718866,10030092,1,unexpected outcomes,positive outcomes,food,classical conditioning,,
12718866,10030092,2,positive outcomes,food,classical conditioning,,,
15087550,10030094,1,reward omission,food,classical conditioning,,,
15087550,10030094,2,reward omission,food,classical conditioning,,,
15087550,10030094,3,reward omission,food,classical conditioning,,,
15087550,10030094,4,reward omission,food,classical conditioning,,,
15087550,10030094,5,reward omission,food,classical conditioning,,,
17475790,10030096,1,unexpected outcomes,negative outcomes,probabilistic conditioning,,,
17475790,10030096,2,unexpected outcomes,positive outcomes,probabilistic conditioning,,,
17475790,10030096,3,negative outcomes,probabilistic conditioning,,,,
17475790,10030096,4,reward omission,probabilistic conditioning,,,,
18550593,10050100,1,reversal learning task,,,,,
18550593,10050100,2,reversal learning task,,,,,
18550593,10050100,3,reward omission,unexpected outcomes,reversal learning task,,,
18550593,10050100,4,reward omission,unexpected outcomes,reversal learning task,,,
18550593,10050100,5,reward learning,reversal learning task,,,,
18550593,10050100,6,reward learning,reversal learning task,,,,
18550593,10050100,7,reward learning,reversal learning task,,,,
16899731,10050101,1,reward learning,reversal learning task,,,,
16899731,10050101,2,reward learning,prediction uncertainty,reversal learning task,,,
16899731,10050101,3,reward learning,reversal learning task,,,,
16899731,10050101,4,prediction uncertainty,reward learning,reversal learning task,,,
16899731,10050101,5,prediction uncertainty,reward learning,reversal learning task,,,
17698008,10050102,1,prediction uncertainty,reward learning,probabilistic conditioning,,,
17698008,10050102,2,prediction uncertainty,reward learning,probabilistic conditioning,,,
17698008,10050102,4,positive outcomes,probabilistic conditioning,,,,
17698008,10050102,6,positive outcomes,probability,probabilistic conditioning,,,
17698008,10050102,7,negative outcomes,probability,probabilistic conditioning,,,
18427116,10050103,1,reward learning,social,social,,,
18427116,10050103,2,reward learning,social,social,,,
18427116,10050103,3,social,reward learning,social,,,
18427116,10050103,4,reward omission,reward learning,social,,,
16129404,10050107,1,positive outcomes,gambling choice,advice,,,
16129404,10050107,3,performance feedback,gambling choice,advice,,,
16129404,10050107,4,prediction uncertainty,gambling choice,advice,,,
16929307,10050110,1,reward omission,gambling choice,go/no-go,,,
16929307,10050110,2,negative outcomes,gambling choice,go/no-go,,,
16929307,10050110,3,gambling choice,go/no-go,,,,
16929307,10050110,4,gambling choice,go/no-go,,,,
16929307,10050110,5,negative outcomes escape,gambling choice,go/no-go,,,
19793875,10050113,1,reward omission,MID,,,,
19793875,10050113,2,reward omission,MID,,,,
19793875,10050113,3,reward omission,MID,,,,
19793875,10050113,4,reward omission,food,MID,,,
18987206,10060117,1,reward learning,probability,MID,,,
18987206,10060117,2,reward learning,probability,MID,,,
18987206,10060117,3,probability,MID,,,,
18388729,10060120,1,positive outcomes,gambling choice,,picture of desired object,,
18388729,10060120,2,risk,gambling choice,,picture of desired object,,
18388729,10060120,3,positive outcomes,gambling choice,,picture of desired object,,
19843618,10070128,1,unexpected outcomes,positive outcomes,probability,MID,,
19843618,10070128,2,unexpected outcomes,negative outcomes,MID,,,
19843618,10070128,3,unexpected outcomes,positive outcomes,MID,,,
19843618,10070128,4,positive outcomes,MID,,,,
19843618,10070128,5,negative outcomes,MID,,,,
19843618,10070128,6,positive outcomes,MID,,,,
19843618,10070128,7,negative outcomes,MID,,,,
19843618,10070128,8,unexpected outcomes,positive outcomes,MID,,,
19843618,10070128,9,unexpected outcomes,positive outcomes,MID,,,
16116457,10070129,1,positive outcomes,gambling choice,wheel of fortune task,,,
16116457,10070129,2,reward omission,gambling choice,wheel of fortune task,,,
16116457,10070129,3,value,reward omission,gambling choice,wheel of fortune task,,
16116457,10070129,4,negative outcomes,gambling choice,wheel of fortune task,,,
16116457,10070129,5,reward omission,negative outcomes,gambling choice,wheel of fortune task,,
16116457,10070129,6,value,gambling choice,wheel of fortune task,,,
16116457,10070129,7,prediction uncertainty,negative outcomes escape,gambling choice,wheel of fortune task,probability,
16116457,10070129,8,probability,prediction uncertainty,gambling choice,wheel of fortune task,,
16116457,10070129,9,probability,prediction uncertainty,gambling choice,wheel of fortune task,,
16116457,10070129,10,negative outcomes,reward learning,,gambling choice,wheel of fortune task,
16116457,10070129,11,negative outcomes,reward learning,,gambling choice,wheel of fortune task,
16116457,10070129,12,negative outcomes escape,gambling choice,wheel of fortune task,,,
11135651,10070131,1,positive outcomes,reversal learning task,,,,
11135651,10070131,2,positive outcomes,reversal learning task,,,,
11135651,10070131,3,negative outcomes,reward learning,,reversal learning task,,
11135651,10070131,4,negative outcomes,reversal learning task,,,,
11135651,10070131,5,positive outcomes,reward learning,,reversal learning task,,
11135651,10070131,6,positive outcomes,reversal learning task,,,,
11135651,10070131,7,negative outcomes,reversal learning task,,,,
11135651,10070131,8,positive outcomes,reversal learning task,,,,
11135651,10070131,9,negative outcomes,reversal learning task,,,,
18509023,10070138,1,food,reward price,,,,
18509023,10070138,2,value,food,reward price,,,
18509023,10070138,3,reward omission,food,reward price,,,
17855612,10070140,1,food,reward price,,,,
17855612,10070140,2,food,reward price,,,,
17855612,10070140,3,food,reward price,,,,
17855612,10070140,4,food,reward price,,,,
17855612,10070140,5,food,reward price,,,,
17855612,10070140,6,food,reward price,,,,
20071521,10080164,1,value,social,reward price,altruistic donation,,
20071521,10080164,2,social,reward price,altruistic donation,,,
20071521,10080164,3,social,reward price,altruistic donation,,,
20071521,10080164,4,social,reward price,altruistic donation,,,
20071521,10080164,5,social,reward price,altruistic donation,,,
19228976,10080170,1,probability,gambling choice,,,,
19228976,10080170,2,unexpected outcomes,gambling choice,,,,
17712267,10080188,1,performance feedback,choice,,,,
18032658,10080201,1,negative outcomes,cards,,,,
18032658,10080201,2,reward learning,cards,,,,
18032658,10080201,3,reward learning,cards,,,,
18032658,10080201,4,anticipation,probability,,cards,,
18579749,10080207,1,probabilistic conditioning,,,,,
18579749,10080207,2,probabilistic conditioning,,,,,
19490086,10080209,1,food,probabilistic conditioning,,,,
19490086,10080209,2,positive outcomes,food,probabilistic conditioning,,,
19490086,10080209,3,food,probabilistic conditioning,,,,
19490086,10080209,4,positive outcomes,food,probabilistic conditioning,,,
19490086,10080209,5,positive outcomes,food,probabilistic conditioning,,,
19490086,10080209,6,anticipation,probabilistic conditioning,,,,
19805082,10080212,1,probability,choice,,,,
19805082,10080212,2,probability,choice,,,,
19805082,10080212,3,probability,choice,,,,
19805082,10080212,4,negative outcomes escape,choice,,,,
19805082,10080212,5,choice,,,,,
19805082,10080212,6,choice,,,,,
17676057,10100217,1,prediction uncertainty,probability,choice,,,
17676057,10100217,2,reward learning,choice,,,,
19812332,10100219,1,risk,gambling choice,,,,
19812332,10100219,2,gambling choice,,,,,
11239442,10100220,1,anticipation,delay,choice,,,
11239442,10100220,2,anticipation,delay,choice,,,
11239442,10100220,3,anticipation,delay,choice,risk,,
10215087,10100221,1,prediction uncertainty,choice,cards,,,
10215087,10100221,2,prediction uncertainty,choice,cards,,,
10215087,10100221,3,prediction uncertainty,choice,cards,,,
10215087,10100221,4,prediction uncertainty,choice,cards,,,
19407204,10100222,1,reward price,,,,,
19407204,10100222,2,negative outcomes escape,reward omission,reward price,,,
19407204,10100222,3,reward price,,,,,
19407204,10100222,4,reward price,,,,,
18787233,10100223,1,prediction uncertainty,risk,cards,,,
18787233,10100223,2,prediction uncertainty,risk,cards,,,
18787233,10100223,3,positive outcomes,cards,,,,
18787233,10100223,4,delay,cards,,,,
18787233,10100223,5,positive outcomes,cards,,,,
11133312,10100224,1,prediction uncertainty,probabilistic conditioning,,,,
11133312,10100224,3,reward learning,probabilistic conditioning,,,,
12948701,10100225,1,risk,gambling choice,risk vs. amount,,,
12948701,10100225,2,negative outcomes,gambling choice,risk vs. amount,,,
18337404,10100226,1,anticipation,delay,rewarded performance,cards,,
18337404,10100226,3,anticipation,delay,rewarded performance,cards,,
18582578,10100227,1,risk,risk vs. amount,,,,
18582578,10100227,2,risk,risk vs. amount,,,,
18582578,10100227,3,risk vs. amount,,,,,
18582578,10100227,4,risk,risk vs. amount,,,,
18582578,10100227,5,negative outcomes,risk vs. amount,,,,
18582578,10100227,6,positive outcomes,risk vs. amount,,,,
18582578,10100227,7,negative outcomes,risk vs. amount,,,,
10516320,10100228,1,prediction uncertainty,risk,gambling choice,risk vs. amount,,
10516320,10100228,3,prediction uncertainty,gambling choice,risk vs. amount,,,
10516320,10100228,5,prediction uncertainty,risk,gambling choice,risk vs. amount,,
10516320,10100228,7,gambling choice,risk vs. amount,,,,
10516320,10100228,8,prediction uncertainty,risk,gambling choice,risk vs. amount,,
18842669,10100229,1,risk,gambling choice,,,,
18842669,10100229,2,positive outcomes,gambling choice,,,,
18842669,10100229,3,risk,gambling choice,,,,
18842669,10100229,4,positive outcomes,gambling choice,,,,
18842669,10100229,5,risk,gambling choice,,,,
18842669,10100229,6,risk,positive outcomes,gambling choice,,,
19770058,11010012,1,positive outcomes,reversal learning task,,,,
19770058,11010012,2,negative outcomes,reversal learning task,,,,
19770058,11010012,3,reward learning,reversal learning task,,,,
19770058,11010012,4,reversal learning task,,,,,
19726640,11010014,1,value,reward learning,reversal learning task,,,
19726640,11010014,2,reward omission,reversal learning task,,,,
20016088,11010021,1,value,delay,delay discounting,,,
20016088,11010021,2,value,delay,delay discounting,,,
20016088,11010021,3,value,delay,delay discounting,,,
20016088,11010021,4,value,delay,delay discounting,,,
20016088,11010021,5,value,delay,delay discounting,,,
20016088,11010021,6,value,delay,delay discounting,,,
20016088,11010021,7,value,probability,delay,delay discounting,,
20016088,11010021,8,value,,delay,delay discounting,,
20016088,11010021,9,delay,,delay discounting,,,
20016088,11010021,10,probability,delay,delay discounting,,,
20016088,11010021,11,value,delay,delay discounting,,,
20016088,11010021,12,value,delay,delay discounting,,,
19718655,11010027,1,MID,go/no-go,,,,
19718655,11010027,2,MID,go/no-go,,,,
19718655,11010027,3,MID,go/no-go,,,,
17997112,11030034,1,reward learning,positive outcomes,reversal learning task,,,
17997112,11030034,2,reward learning,positive outcomes,reversal learning task,,,
17997112,11030034,3,reward learning,negative outcomes,reversal learning task,,,
17997112,11030034,4,reward learning,negative outcomes,reversal learning task,,,
17997112,11030034,5,reward learning,negative outcomes,reversal learning task,,,
18793731,11030035,1,reward learning,MID,go/no-go,,,
18793731,11030035,3,performance feedback,MID,go/no-go,,,
18793731,11030035,4,reward learning,MID,go/no-go,,,
18793731,11030035,5,reward learning,MID,go/no-go,,,
18793731,11030035,6,reward learning,MID,go/no-go,,,
18793731,11030035,7,MID,go/no-go,,,,
18793731,11030035,8,MID,go/no-go,,,,
19515916,11030036,1,reward omission,reward learning,reversal learning task,probability,,
19515916,11030036,2,reward omission,reward learning,reversal learning task,probability,,
19515916,11030036,3,reward omission,reward learning,reversal learning task,probability,,
19515916,11030036,4,reward omission,reward learning,reversal learning task,probability,,
17950474,11030037,1,reward omission,reward learning,reward price,stock market,,
15907318,11030038,1,positive outcomes,reversal learning task,,,,
15907318,11030038,2,negative outcomes,reversal learning task,,,,
15907318,11030038,3,negative outcomes,reversal learning task,,,,
15907318,11030038,4,reward learning,reversal learning task,,,,
15907318,11030038,5,positive outcomes,reversal learning task,,,,
15907318,11030038,6,negative outcomes,reversal learning task,,,,
15907318,11030038,7,reward learning,reversal learning task,,,,
15907318,11030038,8,reward learning,reversal learning task,,,,
19961940,11080056,1,prediction uncertainty,probability,MID,,,
19961940,11080056,2,prediction uncertainty,probability,MID,,,
19961940,11080056,3,prediction uncertainty,probability,MID,,,
19961940,11080056,4,value,MID,,,,
19524531,11080057,1,rewarded performance,,,,,
19524531,11080057,2,probability,rewarded performance,,,,
20589242,11080058,1,value,reward price,stock market,,,
20589242,11080058,2,,reward price,stock market,,,
20589242,11080058,3,social,reward price,stock market,,,
19793990,11080059,1,value,reward price,,,,
19793990,11080059,2,value,reward price,,,,
19793990,11080059,3,value,food,reward price,,,
19793990,11080059,4,value,reward price,,,,
16033924,11080063,1,reward omission,MID,slot machine,,,
16033924,11080063,2,reward omission,MID,slot machine,,,
16033924,11080063,3,anticipation,delay,MID,slot machine,,
16033924,11080063,4,reward omission,MID,slot machine,,,
16033924,11080063,5,reward omission,MID,slot machine,,,
16033924,11080063,6,reward omission,MID,slot machine,,,
19576868,11080064,1,risk,gambling choice,choice,,,
19576868,11080064,2,risk,gambling choice,choice,,,
19576868,11080064,4,anticipation,risk,gambling choice,choice,,
19576868,11080064,5,positive outcomes,gambling choice,choice,,,
19047075,11080065,1,social,delay,delay discounting,,,
19047075,11080065,2,social,,delay,delay discounting,,
19047075,11080065,3,positive outcomes,delay,delay discounting,,,
19047075,11080065,6,delay,,delay discounting,,,
20357071,11080068,1,MID,recognition,,,,
20357071,11080068,2,risk,MID,recognition,,,
20357071,11080068,3,prediction uncertainty,MID,recognition,,,
20357071,11080068,4,MID,recognition,,,,
20357071,11080068,5,risk,MID,recognition,,,
20357071,11080068,6,prediction uncertainty,MID,recognition,,,
20357071,11080068,7,positive outcomes,MID,recognition,,,
20600994,11080071,1,risk,prediction uncertainty,gambling choice,choice,,
20357127,11080072,2,performance feedback,,rewarded performance,,recognition,
20105435,11080073,1,prediction uncertainty,reward learning,,,,
20105435,11080073,2,prediction uncertainty,reward learning,,,,
20105435,11080073,3,prediction uncertainty,reward learning,,,,
20105435,11080073,4,positive outcomes,,,,,
20105435,11080073,5,negative outcomes,,,,,
16339445,11080074,1,prediction uncertainty,social,cards,,,
16339445,11080074,2,risk,social,cards,,,
16339445,11080074,3,prediction uncertainty,risk,social,cards,,
16339445,11080074,4,social,cards,,,,
16339445,11080074,5,risk,value,social,cards,,
16339445,11080074,6,value,social,cards,,,
17007234,11080075,1,prediction uncertainty,probabilistic conditioning,,,,
17007234,11080075,2,prediction uncertainty,risk,probabilistic conditioning,,,
17007234,11080075,3,prediction uncertainty,risk,probabilistic conditioning,,,
17007234,11080075,4,unexpected positive outcomes,reward omission,probabilistic conditioning,,,
20510371,11080076,1,prediction uncertainty,classical conditioning,recognition,,,
20510371,11080076,2,value,classical conditioning,recognition,,,
20231475,11080077,1,value,MID,recognition,,,
20231475,11080077,2,value,anticipation,positive outcomes,MID,,recognition
18549791,11080078,1,value,reward price,picture of desired object,,,
18549791,11080078,3,value,reward price,picture of desired object,,,
18549791,11080078,5,value,reward price,picture of desired object,,,
18549791,11080078,7,reward price,,picture of desired object,,,
18549791,11080078,9,value,reward price,picture of desired object,,,
18549791,11080078,12,reward price,,picture of desired object,,,
18549791,11080078,14,anticipation,reward price,picture of desired object,,,
18549791,11080078,16,prediction uncertainty,reward price,picture of desired object,,,
18549791,11080078,17,prediction uncertainty,reward price,picture of desired object,,,
18549791,11080078,19,value,reward price,picture of desired object,,,
18549791,11080078,22,value,reward price,picture of desired object,,,
18549791,11080078,23,value,reward price,picture of desired object,,,
18320179,11080079,1,gambling choice,,,,,
18320179,11080079,2,gambling choice,,,,,
19015090,11080080,1,risk,gambling choice,choice,,,
19015090,11080080,2,risk,gambling choice,choice,,,
15486494,11080081,1,gambling choice,choice,,,,
15486494,11080081,2,risk,gambling choice,choice,,,
19864559,11080083,1,value,anticipation,probabilistic conditioning,,,
19864559,11080083,2,reward omission,probabilistic conditioning,,,,
19864559,11080083,3,probabilistic conditioning,,,,,
19864559,11080083,4,probabilistic conditioning,,,,,
19864559,11080083,5,prediction uncertainty,probabilistic conditioning,,,,
19864559,11080083,6,prediction uncertainty,probabilistic conditioning,,,,
19864559,11080083,7,reward omission,probabilistic conditioning,,,,
19864559,11080083,8,reward omission,risk,probabilistic conditioning,,,
20399735,11080084,1,delay,,delay discounting,,,
20399735,11080084,2,value,delay,delay discounting,,,
20399735,11080084,3,value,delay,delay discounting,,,
20399735,11080084,4,value,delay,delay discounting,,,
20399735,11080084,5,delay,delay discounting,,,,
20399735,11080084,6,delay,delay discounting,,,,
20399735,11080085,1,negative outcomes,anticipation,MID,,,
18399882,11080086,1,positive outcomes,anticipation,MID,,,
18097655,11080086,2,positive outcomes,anticipation,MID,,,
18097655,11080086,4,negative outcomes,anticipation,MID,,,
18097655,11080086,5,negative outcomes,anticipation,MID,,,
18097655,11080087,1,positive outcomes,reward price,face attractivness,picture of desired object,,
20164333,11080087,2,social,reward price,face attractivness,picture of desired object,,
20164333,11080087,3,value,positive outcomes,reward price,face attractivness,picture of desired object,
20164333,11080087,4,value,positive outcomes,reward price,face attractivness,picture of desired object,
20164333,11080087,5,value,social,reward price,face attractivness,picture of desired object,
20164333,11080087,6,value,social,reward price,face attractivness,picture of desired object,
20164333,11080088,1,value,prediction uncertainty,gambling choice,,wheel of fortune task,
18804540,11080088,2,probability,prediction uncertainty,gambling choice,,wheel of fortune task,
18804540,11080088,3,risk,gambling choice,,wheel of fortune task,,
18804540,11080089,1,value,gambling choice,,,,
19477159,11080089,2,probability,gambling choice,,,,
19477159,11080089,3,value,gambling choice,,,,
19477159,11080089,4,anticipation,positive outcomes,gambling choice,,,
19477159,11080090,1,risk,delay,delay discounting,,,
18710652,11080090,2,risk,delay,delay discounting,,,
18710652,11080090,3,delay,delay discounting,,,,
18710652,11080090,4,delay,,delay discounting,,,
18710652,11080090,5,delay,,delay discounting,,,
18710652,11080091,1,value,MID,amount estimation,,,
19307555,11080091,2,value,MID,amount estimation,,,
19307555,11080091,3,value,MID,amount estimation,positive outcomes,,
19307555,11080093,1,social,gambling choice,,,,
20600178,11080093,2,social,gambling choice,,,,
20600178,11080093,3,social,gambling choice,,,,
20600178,11080094,1,risk,performance feedback,positive outcomes,rewarded performance,,
16574168,11080094,2,risk,performance feedback,positive outcomes,rewarded performance,,
16574168,11080094,3,performance feedback,positive outcomes,rewarded performance,,,
16574168,11080094,4,performance feedback,positive outcomes,rewarded performance,,,
16574168,11080094,5,performance feedback,negative outcomes,rewarded performance,,,
16574168,11080094,6,performance feedback,negative outcomes,rewarded performance,,,
16574168,11080094,7,performance feedback,positive outcomes,rewarded performance,,,
16574168,11080094,8,performance feedback,positive outcomes,rewarded performance,,,
16574168,11110114,1,prediction uncertainty,gambling choice,choice,,,
21389226,11110114,2,prediction uncertainty,gambling choice,choice,,,
21389226,11110114,3,prediction uncertainty,gambling choice,choice,,,
21389226,11110114,4,prediction uncertainty,gambling choice,choice,,,
21389226,11110114,5,negative outcomes,gambling choice,choice,,,
21389226,11110115,8,rewarded performance,,,,,
19349237,12040022,1,positive outcomes,MID,letters,,,
21612768,12040022,2,negative outcomes escape,prediction uncertainty,MID,letters,,
21612768,12040022,3,negative outcomes escape,MID,letters,,,
21612768,12040022,4,positive outcomes,MID,letters,,,
21612768,12040029,1,value,food,reward delivery,,,
22338036,12040029,2,positive outcomes,food,reward delivery,,,
22338036,12050046,6,gambling choice,blackjack,,,,
20138482,12050046,8,positive outcomes,gambling choice,blackjack,,,
20138482,12100064,1,prediction uncertainty,rewarded performance,cards,,,
18985124,12100064,2,prediction uncertainty,rewarded performance,cards,,,
18985124,12100078,4,value,reward delivery,,picture of desired object,,
17655834,13040033,1,value,MID,,,,
18445214,13040033,2,value,MID,,,,
18445214,13040034,1,reward omission,reward learning,reversal learning task,,,
19783412,13040034,2,reward omission,reward learning,reversal learning task,,,
19783412,13060042,1,positive outcomes,rewarded performance,cards,,,
18439412,13060042,2,positive outcomes,social,rewarded performance,cards,,
18439412,13060042,3,social,rewarded performance,cards,,,
18439412,13060042,4,social,rewarded performance,cards,,,
18439412,18597797,3,negative outcomes,gambling choice,choice,,,
14100235,14120260,3,positive outcomes,MID,wheel of fortune task,,,
19640506,15070089,7,positive outcomes,MID,,,,
22336565,15070089,8,MID,,,,,
22336565,15070089,9,negative outcomes escape,MID,,,,
22336565,15070089,10,MID,,,,,
22336565,15070089,11,anticipation,MID,,,,
22336565,15070089,12,anticipation,reward omission,MID,,,
22336565,15070089,13,anticipation,negative outcomes,MID,,,
22336565,15070089,14,anticipation,negative outcomes escape,MID,,,
22336565,15070089,15,positive outcomes,MID,,,,
22336565,15070089,16,reward omission,MID,,,,
22336565,15070089,17,negative outcomes,MID,,,,
22336565,15070089,18,negative outcomes escape,MID,,,,